Speech,True Label,Predicted Label,Correct,Compute Energy,raw_output
"We kiezen hoop boven angst. We gaan ervoor kiezen om vooruit te gaan omdat we enorme kansen hebben, enorme mogelijkheden om dingen beter te maken. We kunnen deze economie laten groeien.",No Ad Hominem,Unknown,False,0.015543,"{
   ""found_fallacy"": [
     {
       ""quote"": ""We kiezen hoop boven angst. We gaan ervoor kiezen om vooruit te gaan omdat we enorme kansen hebben, enorme mogelijkheden om dingen beter te maken. We kunnen deze economie laten groeien."",
       ""explanation"": ""Deze uitspraak wordt gebruikt om de discussie te verplaatsen van de economische situatie zelf, in plaats van in te gaan op de inhoud van de argumenten. Het suggereert dat de spreker de discussie wil verplaatsen naar een emotie- en niet-logische argumentatie."",
       ""confidence"": 0.7,
       ""context"": ""Deze uitspraking wordt gedaan in een discussie over de toekomst van de economie.""
     }
   ],
   ""summary"": {
     ""count"": 1,
     ""average_confidence"": 0.7,
     ""highest_confidence"": 0.7,
     ""lowest_confidence"": 0.7,
   }
}"
We hebben nu vijf landen die atoombommen hebben waar we vanaf weten. Als we doorgaan met het beleid van Mr. Ford zullen we in 1985 of '90 twintig landen hebben die de mogelijkheid hebben om atoomwapens te laten ontploffen. Dit moet gestopt worden. Dat is een van de grootste uitdagingen en grote ondernemingen die ik als volgende president op me zal nemen.,No Ad Hominem,Ad Hominem,False,0.018576,"{'found_fallacy': [{'quote': 'We hebben nu vijf landen die atoombommen hebben waar we vanaf weten.', 'explanation': 'De spreker maakt een foutieve aanwijzing van het aantal landen dat atoomwapens bezit, in de hoop de impact van het probleem te verzwaken. De waarheid is dat er alleen vijf landen bekend zijn die atoombommen hebben, en de spreker suggereert dat er meer zijn.', 'confidence': 0.9, 'context': 'De spreker probeert de grootte van het probleem te verhullen door de waarheid over het aantal landen te verduidelijken.'}, {'quote': ""Als we doorgaan met het beleid van Mr. Ford zullen we in 1985 of '90 twintig landen hebben die de mogelijkheid hebben om atoomwapens te laten ontploffen."", 'explanation': 'De spreker maakt een verwachting over de toekomstige ontwikkelingen, zonder bewijs voor de juistheid van zijn verwachtingen.', 'confidence': 0.7, 'context': 'De spreker maakt een verwachting zonder bewijs en probeert de problematiek uit te breiden met een onzeker verwachting.'}, {'quote': 'Dat is een van de grootste uitdagingen en grote ondernemingen die ik als volgende president op me zal nemen.', 'explanation': 'De spreker maakt gebruik van een emotionele toon zonder persoonlijke targeting.', 'confidence': 0.8, 'context': 'De spreker maakt gebruik van een emotionele toon zonder persoonlijke targeting.'}], 'summary': {'count': 3, 'average_confidence': 0.77, 'highest_confidence': 0.9, 'lowest_confidence': 0.7}}"
"De bisschop van diezelfde kerk zei dat het een schande was. De generaal die bij hem was zei: ""Het enige wat hij wil is mensen verdelen, geen mensen verenigen."" Dit is een president die alles heeft gebruikt als een hondenfluitje, om te proberen racistische haat en racistische verdeeldheid te zaaien. Dit is een man die, als je het hebt over het helpen van Afro-Amerikanen, één op de 1000 Afro-Amerikanen heeft gedood door het coronavirus.",No Ad Hominem,Unknown,False,0.014048999999999999,"{
   ""found_fallacy"": [
     {
       ""quote"": ""Dit is een man die, als je het hebt"
"Het is een zwarte kerk net buiten Washington DC. En ik lees in het bulletin over tienerzwangerschappen, over de problemen die gezinnen hebben om de eindjes aan elkaar te knopen. Ik praat met ouders. Ik bedoel, je moet er om geven. Iedereen geeft erom als het niet goed gaat met mensen. Maar ik denk niet dat het eerlijk is om te zeggen dat je geen kanker hebt gehad.",No Ad Hominem,Ad Hominem,False,0.018603,"{'found_fallacy': [{'quote': 'Het is een zwarte kerk net buiten Washington DC.', 'explanation': 'De focus van deze zin ligt niet op de inhoud van de tienerzwangerschappen-berichten, maar op de locatie van de kerk. Het is geen relevante informatie voor de discussie.', 'confidence': 0.8, 'context': 'Het is een zwarte kerk net buiten Washington DC. En ik lees in het bulletin over tienerzwangerschappen, over de problemen die gezinnen hebben om de eindjes aan elkaar te knopen. Ik bedoel, je moet erom gaan. Iedereen geeft erom als het niet goed gaat met mensen. Maar ik denk niet dat het eerlijk is om te zeggen dat je geen kanker hebt gehad.'}, {'quote': 'Ik bedoel, je moet erom gaan. Iedereen geeft erom als het niet goed gaat met mensen.', 'explanation': 'De spreker maakt gebruik van Tu Quoque-techniek om de kritiek te beschadigen. Hij suggereert dat de kritiek van de kijker niet eerlijk is, omdat hij zelf ook niet eerlijk is.', 'confidence': 0.7, 'context': 'Het is een zwarte kerk net buiten Washington DC. En ik lees in het bulletin over tienerzwangerschappen, over de problemen die gezinnen hebben om de eindjes aan elkaar te knopen. Ik bedoel, je moet erom gaan. Iedereen geeft erom als het niet goed gaat met mensen. Maar ik denk niet dat het eerlijk is om te zeggen dat je geen kanker hebt gehad.'}], 'summary': {'count': 2, 'average_confidence': 0.775, 'highest_confidence': 0.8, 'lowest_confidence': 0.7}}"
"Dat we inderdaad een energierijke natie zijn. Welnu, mijnheer Greenberg, ik kan het gewoon niet toestaan dat de verklaringen die zojuist zijn afgelegd door de heer Reagan, die, denk ik, opnieuw heeft laten zien dat hij de energiecrisis waarmee niet alleen dit land, maar de hele wereld wordt geconfronteerd, totaal verkeerd begrijpt, wanneer hij suggereert dat we een aardgasvoorraad van 27 jaar hebben, een olievoorraad van 47 jaar en al de rest, en dat we echt. alles wat we hoeven te doen is de regering uit de rug van de olie-industrie te krijgen, en dat zal genoeg zijn.",No Ad Hominem,Ad Hominem,False,0.016883999999999996,"{'found_fallacy': [{'quote': 'wanneer hij suggereert dat we een aardgasvoorraad van 27 jaar hebben, een olievoorraad van 47 jaar en al de rest', 'explanation': 'De spreker maakt een ad hominem aanval tegen de heer Reagan door te suggereren dat hij de energiecrisis totaal verkeerd begrijpt omdat hij een aantal getallen voor een aardgasvoorraad en een olievoorraad suggereert, en suggereert dat hij niet begrijpt dat we nog veel meer energiebronnen hebben.', 'confidence': 0.9, 'context': 'De spreker verwijst naar de aantallen die de heer Reagan suggereert voor de aardgas- en olievoorraad.'}], 'summary': {'count': 1, 'average_confidence': 0.9, 'highest_confidence': 0.9, 'lowest_confidence': 0.9, 'confidence_threshold': 0.7}}"
